celeb,image_id
TomHolland,000001
TomHolland,000003
TomHolland,000008
TomHolland,000009
TomHolland,000010
TomHolland,000013
TomHolland,000016
TomHolland,000021
TomHolland,000022
TomHolland,000024
TomHolland,000026
TomHolland,000027
TomHolland,000029
TomHolland,000030
TomHolland,000034
TomHolland,000035
TomHolland,000038
TomHolland,000040
TomHolland,000041
TomHolland,000042
TomHolland,000044
TomHolland,000046
TomHolland,000047
TomHolland,000049
TomHolland,000050
TomHolland,000055
TomHolland,000058
TomHolland,000060
TomHolland,000062
TomHolland,000063
TomHolland,000065
TomHolland,000069
TomHolland,000073
TomHolland,000075
TomHolland,000076
TomHolland,000079
TomHolland,000083
TomHolland,000091
TomHolland,000092
TomHolland,000096
TomHolland,000097
TomHolland,000100
TomHolland,105
TomHolland,106
TomHolland,107
TomHolland,108
TomHolland,110
TomHolland,111
TomHolland,113
TomHolland,114
